収集日,タイトル,URL,メモ,ステータス,媒体,公開日
2026-06-26,東京外国語大学の専攻言語教育について | お知らせ | TOPICS | 東京外国語大学,https://www.tufs.ac.jp/NEWS/notice/260623_1.html,2026.06.23 日頃より本学の教育・研究活動に多大なご理解とご協力をいただき、誠にありがとうございます。 現在、SNS等において、本学の言語教育体制、とりわけいわゆる「小規模語科」の体制や今後の生成AI等の活用方針について、様々なご心,未確認
2026-06-26,書評　「進化心理学概説」 - shorebird　進化心理学中心の書評など,https://shorebird.hatenablog.com/entry/2026/06/22/123817,進化心理学概説 作者:中西大輔ミネルヴァ書房Amazon 本書は進化心理学者である中西大輔による進化心理学の教科書になる．大学の授業用の講義ノートに加筆修正を加えて書き上げられたもので，1章が1回分（90分）の講義に相当する（全15コマのう,未確認
2026-06-26,ようやく長男の志望校が決まり、塾にも夏期講習にも大金を払ったのに、高校説明会に現れたオモロい工業高校の先生に会場の雰囲気を持っていかれ「ママ、おれ志望校変えようかな」と言い出して白目剥いてる,https://togetter.com/li/2713303,斉藤 ナミ｜エッセイスト @nami5711 ようやく長男の志望校が決まり、塾にも夏期講習にも大金を払ったのに、 今日実施された学校の高校説明会で、白メガネをかけたオモロい工業高校の先生に15分の持ち時間で会場の雰囲気を全部持っていかれ「マ,未確認
2026-06-26,東京外国語大学で何が起きている？　「マイナー言語」教育体制の縮小騒動　大切にしてほしい「存在意義」は：東京新聞デジタル,https://www.tokyo-np.co.jp/article/497156,世界各地の言語を学べる東京外国語大学で、マイナー言語の教育体制縮小が懸念されている。大学執行部に検討の動きがあるとして、一部の教員が抗議し、執行部側は「縮小は考えていない」とする声明を出し、火消しに追われた。教員たちが取材に応じ、学内で何が,未確認
2026-06-26,高1の生徒会長を「つるし上げ」　全校生徒の前で上級生　いじめ認定（朝日新聞） - Yahoo!ニュース,https://news.yahoo.co.jp/articles/4098e66a2ce9b7b394690a6a2a561d5cef94683e,長野県の県立高校で昨年11月、当時1年生だった生徒会長の女子生徒が、前生徒会役員の上級生らから全校生徒の前で「つるし上げにあった」と訴え、不登校になっていたことが分かった。県教育委員会はこの事案を「いじめ」と認定し、当時の上級生ら4人をいじ,未確認
2026-06-26,散々注意していたのに…するなと何度も言っていたのに…教育実習生が記念撮影した写真をSNSにあげる…「なんでいちいちSNSにアップするんだろ？」,https://togetter.com/li/2713266,タクト先生＠正論で切る教育侍🗡️保護者にリアルと責任を！！ @ikuji_takuto 散々、注意してたのに… するなと、何度も言っていたのに… 教育実習生… 記念撮影した写真をSNSにあげる… 2026-06-24 18:36:00 ゆに,未確認
2026-06-26,天王寺動物園に「ゾウ返せ」　祖国で署名17万筆、批判の背景は | 毎日新聞,https://mainichi.jp/articles/20260624/k00/00m/040/056000c,マレーシアから来日し、仲良く遊ぶ3頭のアジアゾウ＝大阪市の天王寺動物園で2026年4月21日午前10時52分、安徳祐撮影 「ゾウを返して」「俺たちのゾウをいじめるな」 マレーシアで今、日本に向けてそんな批判の声が広がっている。 きっかけは、,未確認
2026-06-26,ひなこのーとで有名な三月先生に7700円を払ってみた｜とっきー,https://note.com/556tan/n/n1a99eb8022f3,皆様は「ひなこのーと」を知っているだろうか？ コミックキューンで連載されていた4コマ漫画で テレビアニメ化もされた超人気作品である ちなみに俺は漫画もアニメも見た事ない だが、ひなこのーとを描いている三月先生については Twitterをタバ,未確認
2026-06-26,中学校勤務での修学旅行引率の際、お弁当に緑茶が付いていたのだが、飲まずに残す生徒の多さにびっくり…翌年、麦茶に変えたら見事に皆が飲んだ→様々な事情がありそう,https://togetter.com/li/2713409,🐘🍛🍧ちりりん🍧🍛🐘 @chililinchan @belle333_dream 昭和の人間ですけど、もし私が中学生だった頃に緑茶を出されてもなぁ〜って思ってたと思います 緑茶に抵抗はないですけど わざわざ緑茶じゃなくてもよくないですか？逆,未確認
2026-06-29,ABEMA TIMESが「理由なき不登校」を特集し様々な意見が集まるが、背景を知ると「理由なき」とは言えなかった「確かに学校に行けなくなる理由しかない」,https://togetter.com/li/2714919,ライブドアニュース @livedoornews 【告白】最近増えている「理由なき不登校」母親は子を尊重も“この先の不安”抱える news.livedoor.com/article/detail… 通えない理由は人間関係や学習への不安など様々,未確認
2026-06-29,ＡＩ節電へ「感謝控える」教育　道徳教材見直し提言,https://kyoko-np.net/2026062901.html,生成ＡＩの利用拡大で電力需要の増加が見込まれる問題について、経済産業省と文部科学省の合同諮問機関「ことばの省エネ検討委員会」は２８日、不要な感謝の抑制を柱とする提言案をまとめた。小中学校の道徳教材を通じて、無感謝の定着を図る。 生成ＡＩへの,未確認
2026-06-29,LGBT基本計画「女性や保護者の声も反映を」女性団体代表ら　「国民の安全ないがしろ」,https://www.sankei.com/article/20260629-RXD4TSEVFBHDXKVRPALUFH4ASA/,（左から）麗澤大の高橋史朗特別教授、女性の権利と尊厳を取り戻す会の青谷ゆかり共同代表、村松裕美甲府市議LGBT理解増進法に基づく初の基本計画が16日、閣議決定された。SOGI（性的指向と性自認）の多様性に関する教職員や行政職員への研修機会の,未確認
2026-06-29,恋愛漫画は大好きだけど、自分が大人になりすぎて「先生と生徒の恋愛はちょっと…」「義兄と義妹は…」となってしまい見られる漫画の幅が異世界モノしかなくなってる→そんな大人が今読んでる恋愛漫画は？,https://togetter.com/li/2714800,恋愛漫画は大好きだけど、自分が大人になりすぎて「先生と生徒の恋愛はちょっと…」「義兄と義妹は…」となってしまい見られる漫画の幅が異世界モノしかなくなってる→そんな大人が今読んでる恋愛漫画は？,未確認
2026-06-29,小学5年生のころに母親が蒸発したので父にご飯係を任命され1000円を握りしめてスーパーに行くも呆然としてた…店員に助けられて調理法と買い物の仕方を教えてもらった話,https://togetter.com/li/2714642,ヨーコ @fireyoko 小学校5年ぐらいの時母親が蒸発して父にご飯係を任命された 千円握りしめスーパーで呆然としてたら店員さんが声掛けしてくれて なら今日豚肉が安いし ニラはいつも安い 醤油と塩はお家にある？ ゴマ油美味しいよと調理法と,未確認
2026-07-06,＜独自＞辺野古沖事故　引率教員、死亡生徒の顔と名前一致せず　遺族「ずさんすぎる」,https://www.sankei.com/article/20260706-ISNY3V7WWBI6NHRLJTITNQ4FSM/,武石知華さんと先発組の引率教師とみられる女性を乗せ、辺野古漁港を出発する救急車（防犯カメラ映像から。画像の一部を加工しています） 沖縄県名護市辺野古沖で今年3月、船2隻が転覆し、平和学習を実施していた同志社国際高校（京都府）の2年、武石知華,未確認
2026-07-06,「はたらく細胞」連載当時の清水茜さんが20歳未満だったことを知って絶句…すでに謝罪はされているがさすがに酷すぎる状況だったことに心痛む,https://togetter.com/li/2717543,藤ノ木優 @kyusan_obgy 「はたらく細胞」 連載当時の清水先生の年齢が20に満たないということを知って絶句 編集部の対応は本当にあり得ない 医療監修だけでなく、他にも粗相が多過ぎて、人間をなんだと思ってるのか？と怒りが湧くのですが,未確認
2026-07-13,体育用マットの中で死亡した中１男子の父「戦い続ける」…事件から３３年、元生徒３人は賠償に応じず（読売新聞オンライン） - Yahoo!ニュース,https://news.yahoo.co.jp/articles/236d631a0241af720afe6f9007045952734be7ed,山形県新庄市の市立旧明倫中学校で１９９３年、１年生の児玉有平君（当時１３歳）が体育用マットの中で死亡した事件を巡り、遺族が傷害や監禁致死容疑で逮捕・補導された元生徒３人を相手取り、確定した民事訴訟の損害賠償額約５７６０万円の支払いを求めた訴,未確認
2026-07-13,体育用マットの中で死亡した中１男子の父「戦い続ける」…事件から３３年、元生徒３人は賠償に応じず,https://www.yomiuri.co.jp/national/20260712-GYT1T00089/,【読売新聞】 山形県新庄市の市立旧明倫中学校で１９９３年、１年生の児玉有平君（当時１３歳）が体育用マットの中で死亡した事件を巡り、遺族が傷害や監禁致死容疑で逮捕・補導された元生徒３人を相手取り、確定した民事訴訟の損害賠償額約５７６０,未確認
2026-07-13,親も子も教師は選べない　サイトから消えた「辺野古基金」賛同団体の半数近くは教職員組合　メディアウオッチ　皆川豪志,https://www.sankei.com/article/20260712-5WGPN3CNIJG57IJAY5XNU2M3H4/,辺野古沖事故後初めて開かれた集会には主催者発表で約600人が参加した＝7月4日、沖縄県名護市（大竹直樹撮影）沖縄県名護市辺野古沖で「平和学習」中の同志社国際高校の生徒が乗った抗議船が転覆し、女子高校生ら2人が死亡した事故は、教育現場の政治性,未確認
2026-07-13,タマネギが２貫にまたがって載っている寿司について考える,https://dailyportalz.jp/kiji/suhi-no-ue-no-tamanegi,1987年東京出身。会社員。ハンバーグやカレーやチキンライスなどが好物なので、舌が子供すぎやしないかと心配になるときがある。だがコーヒーはブラックでも飲める。動画インタビュー 前の記事：準備をして雨宿り ＞ライターwiki 一手目が分からな,未確認
2026-07-13,夫に「親子丼が食べたい(作ってほしい)」と言ったら『作るのは別にいいけどその前に一回、なか卯の親子丼を食べてきてくれ。俺の親子丼なんかで満足してる場合じゃない』と言われた,https://togetter.com/li/2718994,下田美咲@エッセイスト @shimodamisaki 夫に「親子丼が食べたい（作ってほしい）」と言ったら「作るのは別にいいけどその前に一回、なか卯の親子丼を食べてきてくれ。俺が作るのより絶対に美味しいんだ。俺の親子丼となか卯の親子丼が並んで,未確認
2026-07-20,生徒指導案件で加害者の保護者を呼ぶ時に「まだ仕事中なので19:30からしか学校に行けません」と言われるとモヤモヤする…加害者側は一刻も早く学校に駆けつけるべきでは？,https://togetter.com/li/2722537,真由子 @mayuko4460 生徒指導案件で、加害者の生徒の保護者を呼ぶときに「まだ仕事中なので１９：３０からしか学校に行けません」みたいなことを言われるとき、モヤモヤします。「私たちも仕事中なんですけど？」と思うのはおかしいのか。被害者,未確認
2026-07-20,「ほんまにショート動画だけはあかんよ」→幼少期から見せている親は、今は楽でも小学校くらいから絶望が待っている、という話に共感・反論・エビデンスなどが寄せられる,https://togetter.com/li/2722564,たこ(🐙) ☺︎6y＋3y @takokotakotako うちの子もYouTube結果ショート動画ばかり見るようになり、思考が止まってるし言葉遣いも汚くなる一方だったので一切禁止にした。（折り紙動画のみOKにした。アプリは消した）その方が,未確認
2026-07-20,夏休みの体験格差の話、教育実習先の小学校で「僕ハワイに行ったー」「私もー」みたいな会話に合わせて「私は海外に行ったことないよー」と言ったらクラス全員から「えっ！嘘っ！」とドン引かれた,https://togetter.com/li/2722515,ハッピーデイズ@学校にいる人 @Ohhappydays6 教育実習先の小学校で「僕ハワイに行ったー」「私もー」みたいな会話に合わせて 「すごーい！私は海外に行ったことないよー」と言ったらクラス全員から「えっ！嘘っ！」とドン引かれた。 後で担,未確認
2026-07-20,頑張らない・頑張れない親子のプライドを守るために通知表廃止？⇒成績が悪かった時にやることは「私傷つきました！」って騒ぐことじゃなくて、反省して勉強することだよ。,https://posfie.com/@kalofollow/p/6JXrVTE,いち教員 @ichi_kyouin 小学校くらいなら通知表を廃止しても問題はないだろうが、通知表に限らず、 頑張らない・頑張れない親子のプライドを守るために、頑張ってる子がちゃんと評価される機会を失って良いものかね。 成績が悪かった時にやる,未確認
2026-07-27,特別支援学校には「間違いなく『闇』が存在します」現役の公立校教員が実名で明かすリアル　非正規教員で穴埋め、事なかれ主義の管理職…真実は？（47NEWS） - Yahoo!ニュース,https://news.yahoo.co.jp/articles/1f92ff5d6397350601273a932be426bb49eac930,「困っている人の役に立ちたい」。埼玉県の公立教員、渡辺慶さん（４０）は、理想を胸に知的障害のある生徒を社会に送り出す特別支援教育の世界に飛び込んだ。しかし、目の当たりにしたのは、生徒数増加の裏で指導力不足の教員や事なかれ主義の管理職がはびこ,未確認
2026-07-27,消えゆく看護学生、受験者10年で3割減　地域医療の持続に黄信号 - 日本経済新聞,https://www.nikkei.com/article/DGXZQOUA068YC0W6A700C2000000/,看護師を目指す学生が急減している。専門学校と大学の看護学科の受験者数は2025年度に計14.1万人と10年で3割ほど減り、18歳人口の約1割減を上回る速度で受験者が消えている。若者は過密な実習などを敬遠しており、地域医療の提供に黄信号がとも,未確認
2026-08-03,社会福祉法人職員の視点から・亜月ねね『みいちゃんと山田さん』アニメ化に関する騒動について｜黒犬,https://sizu.me/kuroinu2501/posts/nw6hhwr46rso,「最初に自分の職業なり属性なりを断り書きの様に書いてから内容に入る記事」というのが正直嫌いだ。 「私は精神科医で」「私はADHDで」「私は発達障害で」「私は作家で」とか、今回の件でも様々な人が様々な立場で発信しているし、自分もXで呟いたりし,未確認
2026-08-03,運動ってしんどくなるのが嫌なんだよ！どうにかならないの？,https://anond.hatelabo.jp/20260802153058,運動したら、不快感があるのが嫌！！！ ジョギングだと、ハァハァなるし、不快感がたまる！ 筋トレだと、数回腕立てするだけで不快感が出てくる！！ 学校の体育とか部活だと、そういう不快感は仕方ないものだと思ってた でもよく考えたら、この不快感はい,未確認
2026-08-03,武石知華さんの姉が訴える「自由」の意味　同志社教授陣やOBは何も行動しないのか　メディアウオッチ　皆川豪志,https://www.sankei.com/article/20260802-AT55N67PNFG3ZF3VKIBQZPV4D4/,初めて記者会見する武石知華さんの両親＝7月30日午後、東京・霞が関の司法記者クラブ（相川直輝撮影）文部科学省や第三者委員会の指摘を待つだけの学校側の姿勢には我慢の限界だったのだろう。遺族が7月30日に初めて開いた記者会見で「『船長一人の事故,未確認
2026-08-03,「海で遭難したら尿意を我慢しない」防衛大学校の遠泳訓練では海中排尿の方法を教わるが極限状態を生き抜くためのサバイバル術として大事なことらしい,https://togetter.com/li/2727450,神奈川県自衛隊応援団 @k_JSDFouendan 「私たちがバスで移動した距離を泳いでいるんですよね…」 防衛大学校伝統の約8kmの遠泳。泳いだ距離や速さ以上に大切なのは、隊列を乱さないことだそうです。海という過酷な環境下では、隊列の乱れ,未確認
2026-08-03,宇宙際タイヒミュラー空間についての雑感｜下部　博一,https://note.com/complex_manifold/n/ne2d5e726beda,望月先生により、ABC予想が証明されたとアナウンスされて、１０年以上経った。その証明は、６００ページを超える論文であり、しかも望月先生のほぼオリジナルな理論であるので、およそ誰にとっても専門外であり、論文の信憑性に関しては、多くの議論を呼ん,未確認
2026-08-03,マンゴーみたいに切る,https://dailyportalz.jp/kiji/mango-mitaini-kiru,1987年東京出身。会社員。ハンバーグやカレーやチキンライスなどが好物なので、舌が子供すぎやしないかと心配になるときがある。だがコーヒーはブラックでも飲める。動画インタビュー 前の記事：テレビにうつる ＞ライターwiki トロピカルなムード,未確認
2026-08-10,調査報告書を読んで③　「教育内容は対象外」｜辺野古ボート転覆事故遺族メモ,https://note.com/beloved_tomoka/n/n818f1164b772,学校法人同志社の特別調査委員会による調査報告書について、考えたことを書いています。 1回目： https://note.com/beloved_tomoka/n/na6ae86916d89 2回目： https://note.com/bel,未確認
2026-08-10,イギリスの給食から消える揚げ物　子どもの肥満・医療負担減らす - 日本経済新聞,https://www.nikkei.com/article/DGXZQOGR22BO10S6A720C2000000/,イギリスを代表する揚げ物料理「フィッシュ・アンド・チップス」が学校給食から消える。子どもの肥満対策として政府が揚げ物を禁止するためだ。英国の肥満率は先進国の中でも高い。給食改革で若いうちから食習慣を改善し、国民の医療費負担も減らす。タラに衣,未確認
2026-08-10,熊本地震、子どもの居場所がない　避難所すみっこでゲーム、親も限界：朝日新聞,https://www.asahi.com/articles/ASV882G8WV88UTIL004M.html,震度6強を記録した熊本県八代市の市立第二中学校体育館。避難所となった館内では6日、段ボールベッドや床に敷いたマットの上で高齢者らが体を休めていた。外に仮設トイレが置かれ、給水所に人の列もできている。…,未確認
2026-08-10,お茶屋さんのソフトクリームを食べる,https://dailyportalz.jp/kiji/otya-ya-soft-cream,1987年東京出身。会社員。ハンバーグやカレーやチキンライスなどが好物なので、舌が子供すぎやしないかと心配になるときがある。だがコーヒーはブラックでも飲める。動画インタビュー 前の記事：マンゴーみたいに切る ＞ライターwiki,未確認
2026-08-10,新條まゆ先生に漫☆画太郎と集英社から新作絵本であるシーンをパロディに使いたいと連絡があり承諾したら家宝レベルのとんでもないものが届いた,https://togetter.com/li/2730593,新條まゆ@『虹色の龍は女神を抱く』連載中! @shinjomayu 集英社から画太郎先生の献本が届きました！ なぜ私に届いたかといいますと 我々アニメ、マンガ業界で、オマージュに対してピリピリした空気が漂ってしまった残念な昨今、 めちゃくち,未確認
2026-08-17,「今日はおいしくないと思う天ぷらを揚げてみましょう！なんでやねん」日本料理だけを学ぶ辻調！ 日本料理本科のブログ７│辻調理師専門学校ブログ│辻調理師専門学校 - 食のプロを育てる専門学校<,https://www.tsuji.ac.jp/college/chorishi/blog/cat1278/post_601.html,日本料理本科では天ぷらに重きを置き、 個人実習では天ぷらに特化した内容を１回１８０分で１３回も行います！ 理由は、揚げ物の中でも天ぷらは衣の作り方、状態、油の温度など 他の揚げ物に比べて難しい面が多々あるからです。 そのため各自が状態の良い,未確認
2026-08-17,「子育てはご機嫌なおじさんを地球に納品する壮大なプロジェクト」というエッセイが話題になり男児を育てる母親たちにぶっ刺さっている,https://togetter.com/li/2733334,三浦 えり @eripope 子育て最高なnoteを読んでしまった。私はどんなプロジェクトなんだろう🤔 もはや「子育て」は、ご機嫌なおじさんを地球に納品する18年がかりの壮大なプロジェクトである。｜永田 尚子 note.com/naoko1,未確認
2026-08-17,もはや「子育て」は、ご機嫌なおじさんを地球に納品する18年がかりの壮大なプロジェクトである。｜永田 尚子,https://note.com/naoko1023/n/nf33f01b68eef,我が家には小6、小4、4歳の息子がいる。 「男の子が3人！？大変でしょう！」 何度となく言っていただけた、そのセリフ。 離乳食やら、保活やらを経て思うこと。 3人それぞれ自分でトイレに行き、ご飯を食べ、 お風呂に入り、着替えられるようになっ,未確認
2026-08-24,皮膚科で、韓国で整形した患者から抜糸と痛み止めが欲しいという予約の電話が来て、先生が「途中から面倒見れないから断って」と言い放っていた→美容整形の問題点が露呈に,https://togetter.com/li/2736623,九条 葵 モノノ怪観た @Aniloveaoiiii 通ってる皮膚科の先生はすごく腰が低い人なんだけど、私の治療中に看護師さんから「韓国で整形した患者が抜糸と痛み止めが欲しいって予約の電話が来てて…」って相談してら「なんでうちに来るかなぁ…,未確認
2026-08-24,うつ病、発達障害、自己破産…「マジで死ぬかもと思った」20代女性を再生させた「全員VTuber」の職場 | 集英社オンライン,https://shueisha.online/articles/-/258444,当サイトでは当社の提携先等がお客様のニーズ等について調査・分析したり、お客様にお勧めの広告を表示する目的で Cookie を使用する場合があります。 詳しくはこちら,未確認
2026-08-24,自己肯定感は、上げなくていい｜松浦勝人,https://note.com/maxmatsuura/n/n5184b760199e,自己評価についての、僕の経験と結論 精神科の先生に、こう言われたことがある。 「なんで、そんなに自己評価が低いんですか。松浦さんは世の中で名前が通っていて、成功した人ですよ。もう少し自分のことを評価してあげてください」 僕がうつ病で苦しんで,未確認
2026-08-24,ブクブクに太った山田さん…失敗したと繰り返す母親…救われなかった二人の「みいちゃん」を描いた『みいちゃんと山田さん』最終回はものすごく刺さる一方、消化不良さを感じる人も,https://togetter.com/li/2736443,みいちゃんと山田さん【公式】🐹 @miichan_joho ||◤ ◥|| 『みいちゃんと山田さん』 最終話 更新 ||◣ ◢|| 第37話「山田さんとみいちゃん」 2年間、この物語とともに歩んでくださった読者の皆様。 その身を削り、心を剥,未確認
2026-08-24,結婚相談所では「ちいかわにイライラする人はモラハラ気質があるから」とちいかわを一緒に観ることを推奨されてるらしい？「モモンガにイラついてたら子育てはできない」,https://togetter.com/li/2736127,SASAKAWA Chika🇮🇹 @Jackilion ちいかわにイライラする奴はモラハラ気質があるから、結婚相談所では、結婚に進む前にちいかわを一緒に観ることが推奨されているってのを知って、なるほどなーと思った。 2026-08-21 0,未確認
2026-08-31,同志社国際高「今年度の沖縄研修旅行を中止」「引率教員ら配置換え」…辺野古転覆受け保護者に説明,https://www.yomiuri.co.jp/national/20260831-GYT1T00006/,【読売新聞】 沖縄県名護市辺野古沖で３月、研修旅行中だった同志社国際高（京都府京田辺市）の女子生徒ら２人が死亡した小型船転覆事故を巡り、同高は３０日夜、校長の交代に伴う保護者説明会を開き、西田喜久夫校長の解任や、今年度の沖縄での研修,未確認
2026-08-31,町山智浩さんがゆたぼんを攻撃「親の犠牲者」「学校に行ってないお父さんが教えたんじゃ反知性の連鎖」,https://posfie.com/@Elif87995911/p/GsL8E8I,冒険家ゆたぼん(17)@覚醒モード @yutabon_youtube 日本に来て、日本のルールを守れない外国人とは共生できません。問題はそれだけではありません。日本に来て、ちゃんと日本のルールを守って、日本の文化を尊重してくれている外国人に,未確認
2026-08-31,紛糾４時間の保護者説明会…質疑応答なしの動きに「向き合う姿勢感じず」　同志社国際高,https://www.sankei.com/article/20260831-YYK4K3G5XJPIDOW3K6TXICFTBM/,沖縄県名護市辺野古沖で船2隻が転覆し、同志社国際高校（京都府京田辺市）2年の武石知華（ともか）さん（17）ら2人が死亡した事故を巡り、同校は30日、市内の関連施設で保護者説明会を開いた。2学期以降の学校運営や校外学習における事故の再発防止策,未確認
2026-08-31,同志社国際高校、今年度の沖縄研修旅行を中止　保護者説明会で説明：朝日新聞,https://www.asahi.com/articles/ASV8Z4V5DV8ZOXIE01BM.html,沖縄県名護市辺野古沖で小型船が転覆し、研修旅行の平和学習中だった同志社国際高校（京都府）の女子生徒と船長が死亡した事故で、同校は30日夜、保護者説明会を開いた。出席者によると、31日付での解任が決ま…,未確認
2026-08-31,「沖縄研修旅行」の意義を強調…同志社国際高の西田校長、保護者説明会では冒頭で退席,https://www.sankei.com/article/20260830-T2HRA6O3M5PE3HPCAFVQV7XO4U/,沖縄県名護市辺野古沖で船2隻が転覆し、同志社国際高校（京都府京田辺市）2年の武石知華（ともか）さん（17）ら2人が死亡した事故を巡り、8月31日付で解任される同校の西田喜久夫校長。関係者によると、30日に同市内で開かれた同校の3回目の保護者,未確認
2026-08-31,「焚書活動」勧める朝日新聞と毎日新聞　リベラル名乗るメディアほど言論の自由を認めない　メディアウオッチ　皆川豪志,https://www.sankei.com/article/20260830-4NLFLUQ3QRD55BIAASRVXUHFLM/,朝日新聞東京本社（桐原正道撮影）8月8日付朝日新聞の読書欄に恐ろしい記事が載っていた。「著者に会いたい」というコーナーに取り上げられた『差別のない本屋に通いたい。 本好き教師の冒険の記録』という本で、著者は小学校教諭の仲川啓介氏という方であ,未確認
2026-08-31,9年前に奨学金の延滞でブラックリストに入ってしまい、クレカもローンも何一つ通らない…様々な事情が重なって引き落としできなかった→これから借りる人は注意してほしい,https://togetter.com/li/2739124,きびと月の畑 @kibi_tsuki じつは僕、奨学金2ヶ月延滞でブラックリストに入ってます。 クレカもローンも何一つ通りません。 支払いを怠ったわけではなく、9年前に転職、引越し、キャリア変更が重なって引き落としが出来てませんでした。 月,未確認
2026-08-31,また、三月先生に8855円を払った｜とっきー,https://note.com/556tan/n/n9a985901e62b,皆様お久しぶりです 2カ月前に三月先生のcandfans(パトロンサイト)に 7700円を払ったのですが、実はあの後色々考えて解約しました Dアニメで「ひなこのーと」本編を見たからです 田舎から出てきて一生懸命頑張るカカシみたいなひな子ちゃ,未確認
2026-09-07,学校教育って、地域住民の無償労働で維持していいの？,https://anond.hatelabo.jp/20260906224157,学校の行事の手伝いなどで、PTAの有志が集まらなくなったら、今度は地域の人に頼む。 それでも足りなければ、さらに別の団体や住民に頼む。 でも、ちょっと待ってほしい。 それが「子どもたちの教育に必要不可欠な活動」なら、本来は学校や教育委員会が,未確認
2026-09-07,「本音」が露呈じゃなく、排除のテンプレートの作動　『24時間テレビ』の星野真里さんの件｜アサダワタル,https://note.com/wataruasada/n/nae4635dd189d,『24時間テレビ』で、俳優の星野真里さんが、先天性ミオパチーのある娘・ふうかさんとの経験について語ったことをきっかけに、SNS上でかなり激しい議論が起きている。「そんなに配慮を求めるなら特別支援学校へ行けばいい」「普通の学校に入れたのは親の,未確認
2026-09-14,「夫婦なら当然だ」週2日、夫からの求めに応じた妻　20年後の衝撃：朝日新聞,https://www.asahi.com/articles/ASV941BP3V94ULLI00KM.html,■「したくないけど、言えない」 夫婦間の性的同意(1) それは週に2日、必ずあった。子どもが学校に行っている合間を見計らい、夫がいつものように寝室に布団を敷き始める。 「また今日も、しなくちゃならない…,未確認
2026-09-14,森本レオと高円寺界隈の噂まとめ｜学校で注意喚起が出ていた話｜ひだまりコラム,https://hidamaricolumn.com/morimoto-koenji-uwasa/,2026年9月11日に俳優の森本レオの訃報が出てから、その名前といっしょに流れつづけている地名があります。 高円寺です。 9月4日に83歳で亡くなっていて、事務所の発表はその1週間後でした。 きかんしゃトーマスのナレーションで、声だけは知っ,未確認
2026-09-14,「くちべた食堂」の梵辛先生が「池袋で一人飯をする必要が出たときに思い浮かばないので、お店の情報を教えてほしい」とポストしたら多数の名店が寄せられる,https://togetter.com/li/2744748,梵辛🍙くちべた食堂・チュンの恩返し連載中 @sokusekimaou 池袋でとっさに1人飯をする必要が出た時に食べたいものが急に思いつかなくて困りがちなので、すいませんお気に入り店情報あったらいっぱい教えてください！！！ 全部メモして一つず,未確認
2026-09-14,岸田メル先生「あの時剣買ってなかったら全く違った人生だったと思うから、剣買ってよかったな」→イラストレーターから聞ける台詞じゃないんだよな…,https://togetter.com/li/2744911,岸田メル先生「あの時剣買ってなかったら全く違った人生だったと思うから、剣買ってよかったな」→イラストレーターから聞ける台詞じゃないんだよな…,未確認
2026-09-21,古謝氏、家族への脅迫受け声明 　学校や県庁への爆破予告、殺害予告も | 沖縄八重山日報 -Okinawa Yaeyama Nippo-,https://www.yaeyama-nippo.co.jp/article/34237,沖縄県知事選で初当選した古謝玄太氏（42）は19日、家族が通う複数の学校などに爆破予告が届いたことを受け、声明を発表した。公式ホームページでも、知事就任の辞退を求め、応じなければ学校や県庁を爆破する趣旨の脅迫が寄せられたほか、古謝氏自身と家,未確認
2026-09-21,【悲報】研究者『ADHD患者、”午後3時のたった1つの予定”がその1日全体を完全に破壊する』 : 凹凸ちゃんねる　発達障害・生きにくい人のまとめ,https://hattatu-matome.ldblog.jp/archives/63490392.html,1: ななしさん＠発達中 2026/09/18(金) 18:56:47.32 ID:N+ysVBoO0 速報：ADHD研究者らが確認、「午後3時のたった1つの予定」がその前の1日全体を完全に破壊することを。1/6 — APAJI (@apa,未確認
2026-09-21,同志社国際高辺野古沖事故　第三者調査報告書から　学校安全を考える（下）/疑問抱きうる場面全て見過ごし安全配慮義務は教育の重要課題 | しんぶん赤旗｜日本共産党,https://www.jcp.or.jp/akahata/aik26/2026-09-20/2026092004_02_0.php,【（３）生徒・保護者への説明義務違反】 生徒・保護者への各説明会で学校は、安全面にふれませんでした。遊覧船やクルーザーの大きさの船に乗るものと思い、実際の船の小ささに不安を覚えた生徒もいました。 報告書は、「生徒及び保護者に適切な自己決定の,未確認
2026-09-21,慢性骨髄性白血病（CML）の診断を受けました｜マシーナリーとも子,https://note.com/mahinari_tomoko/n/n3a588989343d,まず前提として ◆もう少しで死んでしまう とかそういうことではないです 生存率というか、治療成功率は98%ほどと先生から教えられています。余命が残り何ヶ月とか何年とかという話ではないのでご安心ください。 ◆生活に（基本）支障はないです 投薬,未確認
2026-09-28,発達障害の小中学生、不登校13% 文科省初調査「組織的支援必要」 - 日本経済新聞,https://news.google.com/rss/articles/CBMibEFVX3lxTE1JOVpjeXFxV1g1d0hfOXdfcW54anRGaUs2bUNjRVdIMFJJTS1pS3g0aDVrUTdTTnMyR3JJemFPZDRzVzZQckl0Q2RlTkVKUEl3d21nX0xWbGc5SzBWOWZ4UHZjX0dJWENiWXBuTg?oc=5,,未確認,日本経済新聞,2026-09-26
2026-09-28,小田急ロマンスカーが走る教室に 不登校だった元運転士2人が企画 [神奈川県] - 朝日新聞,https://news.google.com/rss/articles/CBMiZ0FVX3lxTE9aNmszNTUzTzc3WjZvbnB1ZkhHVVpXVm9JS3FlU2QzQmVBVEpzNHdxQkU1TFp1dU50eTNtQmVGMlZRN2lid1N5ckFFX0h0UnpndEktczg5ODBMRjNJVUtpZlhPQWZJa1k?oc=5,,未確認,朝日新聞,2026-09-22
2026-09-28,小学生の不登校理由1位「わからない」42.3％ - リセマム,https://news.google.com/rss/articles/CBMiXEFVX3lxTE02bFhSV3lTdFJEUU5uTF9oaVg5c2dYd0tRS010eklJeDVJRHBDLXFkSzVZbUNGUnpkekFlRFpDLTZ6YldScFc5V2l6ODJhU0w4dTBSVklaek5lcTR3?oc=5,,未確認,リセマム,2026-09-24
2026-09-28,小田急ロマンスカー、走る教室に 不登校だった元運転士企画 - 朝日新聞,https://news.google.com/rss/articles/CBMiXEFVX3lxTE55UXo0Q3ppVnJvbU0zMzhPVW1jTTZhNHlMdjBZRlZwd3BiMlRRVTdJYWFWaUc0R1NCaVBzUlR5OUlXMXRRYkpfNi01WGE1QXlMQy11aE1CTldIdjZM?oc=5,,未確認,朝日新聞,2026-09-23
2026-09-28,"｢うちの子､反抗期がない｣と思っていたら不登校に…発達障害･グレーゾーンの子に起きている""新しい反抗期"" - 東洋経済オンライン",https://news.google.com/rss/articles/CBMiW0FVX3lxTFBlTGFjUmVLUTBOdTBxUExJMGFpT1JnTHdpM2hzRUthbGctTW82YVJsQUl4Z1dvdW40dlFROVVpeDMxTU5ZRldvTU5PWjNKSVlDdDVzeWc5T0s4d0E?oc=5,,未確認,東洋経済オンライン,2026-09-24
2026-09-28,発達障害の子、学校での対応は？ 「合理的配慮」で教員セミナー 不安より共感を示して 段階ごとの支援考えて 欠かせない保護者との建設的対話 - 西日本新聞me,https://news.google.com/rss/articles/CBMiVkFVX3lxTE1fdnRZc2pLUjctM1NJMk5kUXFoS2I1QUxXU0dBOTNWd0pMVU9XdjNESWh6Vy1qcFh5THBLWTJocmR6VFVybmpUNktPanQyaEtiZGtweklR?oc=5,,未確認,西日本新聞,2026-09-27
2026-09-28,「廃止」議論の京都市伏見区の「桃陽病院」 支援学校通う子どもの保護者らが「有志の会」 - 京都新聞デジタル,https://news.google.com/rss/articles/CBMiWEFVX3lxTFBRZGdaRGNxcDFsX0c3NkxRemMtZzlYUzU3Wk01MDNhZnRjclY2OGFfa041ZTBXR3dHdXlCS0lybmtJMV9CTUJXQzZCeW9QdnBaZkZZTy1HVWw?oc=5,,未確認,京都新聞,2026-09-21
2026-09-28,相模原の障害児家族と支援者ら、「やさしい視力測定」へ 練習ツールを独自考案 - 47NEWS,https://news.google.com/rss/articles/CBMiS0FVX3lxTE9zTnRRWUhoR2E4SkpPUWFSS2lwYm9EWldCajV1QUczSE9lVDc0Y2RlSVRrRFFNNS1xbFBfTVZPcWo4UEo4cE1uZzdmcw?oc=5,,未確認,共同通信（47NEWS）,2026-09-27
2026-09-28,特別支援教育の充実を 「手をつなぐ親の会」最後の栃木県大会、佐野で開催 - 47NEWS,https://news.google.com/rss/articles/CBMiS0FVX3lxTE9Hc2tpZmFGZVhjYjc2d1UwQllPZmhlSzdMVVA4T3NhSVdmU3ZmWlZyckFVVDRFMHNKakpoTU81UW5CdlJNMnBUMDFyUQ?oc=5,,未確認,共同通信（47NEWS）,2026-09-26
2026-09-28,生徒の謝罪に「信用しません」、無視などの不適切指導 県立特別支援学校の臨時講師を戒告処分|総合 - 神戸新聞,https://news.google.com/rss/articles/CBMiakFVX3lxTE52UTY4MTAzNzJHZVBnbnNtdUlVZlRFSFZYZ1lRMVpQYndBRjl3SjVRY3hkaExFZ1RiZEZUakVKU3NkTkhTemRwRGhQalRGbURnOWIzUHVIT25mbVBRblRxcVFNcndkZXBKTXc?oc=5,,未確認,神戸新聞,2026-09-24
2026-09-28,「多様性の包摂」を実現可能なものに（野口晃菜） - 教育新聞,https://news.google.com/rss/articles/CBMiVkFVX3lxTE5ya3dGVmlHYk9DZDlFTmwxNjBBVGVDbkNqb1locVJjbEJDeDJWbWsxS0xZbl9pTllNZ3VseXl4U2NOYW1WclNaWVlCUlJHemZfT1lDTk9n?oc=5,,未確認,教育新聞,2026-09-24
2026-09-28,安田章大、ASDの子どもとの交流で起きた“ミラクル” 「『あ』しか言わなかった子」が口にした「ありがとう」〈A－Studio＋きょう出演〉 - AERA DIGITAL,https://news.google.com/rss/articles/CBMiWkFVX3lxTFBTWTRfNUZWSlM2ZkZlVmRkTUJIeUFnVHJLNUJPN1BqSHRzTnoxLUxsYVd4RnBpajVwcUNrMUd4b3JQTC1ROGVxaGVFdlk1UjNrMm5qZHMwbVAydw?oc=5,,未確認,朝日新聞,2026-09-25
2026-09-28,さいたまのいじめ救済機関 実績着々 2カ月で申し立て3件 相談から2週間で活動開始も 深層リポート - 産経ニュース,https://news.google.com/rss/articles/CBMidkFVX3lxTE9GS19xeVJaX3JLUVB6a3BGdGE2Wjl5cUpGajJ6a0prTDZsVUdhRHh2YWFlNDdOV3ZOOTJZZmx6VXZVaDFtdXRqVFlfd0VwaXFaaDdvU1gwWHppWjYzWmpMT2lVcDVrVWwwX3p5VkJrYUwyY05uNlE?oc=5,,未確認,産経新聞,2026-09-22
2026-09-28,コーチじゃなくて｢高知｣ 不登校の時間をバネに誕生した財布の柄 [高知県] - 朝日新聞,https://news.google.com/rss/articles/CBMiZ0FVX3lxTFBjWVYyWGJuQWpLZ3UybEFxclBvXzU1X3IxUUlmSUtpQ2tlMlZwMjV3NWozLXlpN0pVaTJ2UkJZTTU1WUVVdGxpQUJCdEpReHY2VWwtQXRCdU9fNlh5ZHZpV3hTWGRzb0k?oc=5,,未確認,朝日新聞,2026-09-26
2026-09-28,神戸市が小中の校舎に防犯カメラ いじめ、暴言に対応 廊下や踊り場に設置、3校で検証へ|社会 - 神戸新聞,https://news.google.com/rss/articles/CBMibkFVX3lxTE1EMTBGOXFLYk5iWmhibTBfVS0xd01nSDBiNjJSSXpqRFprcEVYU2tUcXZPbUxfWTRKYUl3YlRNcUdMd1F2QU15VnpEdDR0a2FiN3Q0aFEyMGN2eF9LNGJDbFBCZUR3TXdIWmUtTlFn?oc=5,,未確認,神戸新聞,2026-09-27
2026-09-28,未来の先生フォーラム、教員に学びの機会 学習指導要領やいじめ対応 - 朝日新聞,https://news.google.com/rss/articles/CBMiZ0FVX3lxTFBjTm5UdEJ4eDJHbWFKbTJMMnBHYUtlc2l0dmVwSVpXdmlkZWk1VHB5cXowbk5US1FQalBTQTRSUHVLQ0lLRkZHOTJiYWJQZjJ3UUlDYWVtZjQ3T0Zqb2U0alhjMEMweGs?oc=5,,未確認,朝日新聞,2026-09-27
2026-09-28,【教員採用】神奈川県、夏期2次試験823人合格…倍率3.6倍 - リセマム,https://news.google.com/rss/articles/CBMiZkFVX3lxTE92QlprX09aUUprTG1SdVBXZ2o4VkJKblJZblAwNFYwd0pvMEh5a1RvOUtwMnlmbGRJVG84YkF3eTlYQXNfaVc1aXdmQXUzU2VHLUlSU2JyREwycF9VNDNWNW1STUFrZw?oc=5,,未確認,リセマム,2026-09-24
2026-09-28,福岡県の公立小中教員不足が過去最悪 中学は前年度の倍に - 西日本新聞me,https://news.google.com/rss/articles/CBMiVkFVX3lxTFBiVFlnNHdxZXZDOFhvTkxBUDRkbEVOdEhZbnlNb3ZUa1FhRXFUYVBQcXJWVnBLUkVWVFJNcjE0TmNreGxwSjM2dGZVLWduV2VQVGRBUk5R?oc=5,,未確認,西日本新聞,2026-09-22
2026-09-28,学級集合写真継続へ保護者有志が署名提出 名古屋市立小学校1校で、教員グループによる盗撮画像共有事件受けた廃止判断に反対 - 中日新聞Web,https://news.google.com/rss/articles/CBMiVEFVX3lxTFAyZExZVE9fdV91VTNjQkNKenJRZlVma2Q2Z0pNS1BuWWhOeGt4d21TY21FSTE4NHlOdS1pUnhfVVZkblZwbEhJNkdsLWVwamtadTMzZA?oc=5,,未確認,中日新聞,2026-09-26
2026-09-28,小中高・大学のAI活用を比較、教員の毎日利用率は大学が小中高を上回る - リセマム,https://news.google.com/rss/articles/CBMiZkFVX3lxTE5qV05yWHhmblp5cUY5YWhLeHNfblNEZUdGSVcwUnJjNmRPX2szRGF3UExEbzZpX0lybUZZdmRna1Bab3Q5QjNiZW9QUjVpZHNoMEdTNDJ0MDhocmlQMmpBdFNfS1NLdw?oc=5,,未確認,リセマム,2026-09-25
2026-09-28,「授業中のトイレ、1学期に1回だけ」中国・中学校のルールに批判 2回目で保護者説明も - 産経ニュース,https://news.google.com/rss/articles/CBMidkFVX3lxTE00WXpZc09TR21BdllWaGVjbkVnUnd3dHVtWWpwTEdWWXJyTDNOZjlCQm05Vk9QUXhGNXNYR1NpMXR5RXFmYktST1J5WVE2VmtON2RvMldoRm9oQ185R3RqUEdWZXFkaTc0RlAybVNZVmJHdW10dWc?oc=5,,未確認,産経新聞,2026-09-24
2026-09-28,【中学受験】保護者327名が語るリアル…転塾・伴走、買ってよかったもの - リセマム,https://news.google.com/rss/articles/CBMiXEFVX3lxTE9mYUxPSS1sRWlDQ2NYamNsWjJoNHRGSXV1azNHYWU2ak5URVp4aXJuSmJOT0dOV3NXdktRbXpGRkdmeDRHQ3hramxOZW8yS0s5YmpZOW5RekZNZGFw?oc=5,,未確認,リセマム,2026-09-22
2026-09-28,「基礎学力」、日本は知識や技能を重視 10カ国の保護者調査 - 教育新聞,https://news.google.com/rss/articles/CBMiVkFVX3lxTE1KODBoNG1obTdEVWJ1RVgtcnJ1UDZHLWJEYk5HQ0NzNzBlbzY5M3l1bDdpeldhU0NCNUNILUQ4VWxSanNuMGZmamZ6bWlzSlZIaWY1bXdB?oc=5,,未確認,教育新聞,2026-09-25
2026-09-28,増える選択肢、注意点は？ 中学受験 広がる英語入試の最新事情（下） - 朝日新聞,https://news.google.com/rss/articles/CBMiVkFVX3lxTE80ZGpLa25XN1F2c3RlblJXcVRwUXI1T2VkblAwREQ5ZWN6bFI3cXVoeUVmajVfVUw3MUV0LWYwOFRYRWk0LVFUTy1lTnJSVURXY1RnaVBR?oc=5,,未確認,朝日新聞,2026-09-25
2026-09-28,近江の茶で子どもたちに茶育 茶業会議所が県内学校で出前講座 [滋賀県] - 朝日新聞,https://news.google.com/rss/articles/CBMiZ0FVX3lxTE1pY1RTNFdYY05aa0c4X0pJa2JZRzVBNHlyRm54emQ2UmdwWl9aaGtEekZ1MVpNVENZWXplNjAwa1JpcU5UbjZDR0oySUZ3cXoxcWt2N1RwZFZULVRxSkJldngzQ3Vxckk?oc=5,,未確認,朝日新聞,2026-09-27
2026-09-28,不登校からの海外留学 「見切り発車」によるミスマッチ防ぐ5つの視点 （2ページ目） - 日本経済新聞,https://news.google.com/rss/articles/CBMic0FVX3lxTE9DVTZJa0pSdUZUQVZzZHBKVU4zZUQ0ajV0YWlKLUl1VmR0TnowQklMVFZ0RWs3Zm9FNVZzc0NieTRjT0xzSUdSeHBWZ3R1R3BQejlDVXhuMXZfSnJ5Rk83VmdhVDhhbGMxcjJzbUVQYUliZ2c?oc=5,,未確認,日本経済新聞,2026-09-25
2026-09-28,不登校の子が通う「多様化学校」開校から半年 教員らが感じる変化 [東京都] - 朝日新聞,https://news.google.com/rss/articles/CBMiZ0FVX3lxTE5YbG0tRThocG5qRGU4ZUR4SzVwTy1FZXRtT200UTZoaHhzdFNFN3NOUFF6bFJrT2E1blJiN3dPYUl5OFkwbWtQUGY3V2RKQkU1c0VhckZINFhJTHZsblJFMWNNZjluOHc?oc=5,,未確認,朝日新聞,2026-09-26
2026-09-28,"学校に行けなくても孤立させない…｢不登校を減らす｣のをやめた町が""発想の転換""で得た成果 4ページ目 | キャリア・教育 - 東洋経済オンライン",https://news.google.com/rss/articles/CBMiW0FVX3lxTE5sOW43cjZ4VjV5eVBaTGlsOVFFdjl1Tk5reFFEaTd3dWl2Q0R5YzNyeVJZemhmem5kQVpiYlBhcmNwejREZFZlNkplT1h6b3BmUFJWMzRrbEJCdG8?oc=5,,未確認,東洋経済オンライン,2026-09-23
2026-09-28,滋賀県で「登校拒否・不登校を考える全国大会」 教員や支援者、親たち300人が集う - 京都新聞デジタル,https://news.google.com/rss/articles/CBMiWEFVX3lxTE9OY3pIZFAxRTVubmYtTlhzSGx6RkFvUjJVM1dzeW9pNkdIdUJRTmYwUEpfelJ5ZVFqNDVYeEI2QnhpTy1tRWRWVmxUUndGaGx4OXRSMEpXRzk?oc=5,,未確認,京都新聞,2026-09-21
2026-09-28,【発達障害と不登校】見えない特性、生活の障壁 過ごしやすい学校へ工夫 - 神戸新聞,https://news.google.com/rss/articles/CBMie0FVX3lxTFBfb0FhUEZ2b3Z2c2IxNndWc1V2TEI3YXJfT216LTF2SzhwNFJWT0l5c1NSU3VXUm1ZbXlKbFk3VW1feVR1WTg3cUc5N3Zra0xiUExya2pZRzZmRmFTRGh6TnIzb1hDTHloVlJMeFNpQ0dSU2pha29iaE5vaw?oc=5,,未確認,神戸新聞,2026-09-26
2026-09-28,"発達障害のある学生｢10年で約4倍増｣…大学で露呈する深刻なSOS､筑波大学の""駆け込み寺""で行っている支援の中身 - 東洋経済オンライン",https://news.google.com/rss/articles/CBMiX0FVX3lxTE9seVVLa05xd2VqRF9peENLajAzT0RXMnN4eDh0eVQzbmZsMFVTNmRlbV9mOXl2djhrWHhjSjZkRGZ2QkZjLW9rSjF3X0lNOVVnYUhRUTBIX3lvM2haVDlv?oc=5,,未確認,東洋経済オンライン,2026-09-24
2026-09-28,"画像 | 学校に行けなくても孤立させない…｢不登校を減らす｣のをやめた町が""発想の転換""で得た成果 - 東洋経済オンライン",https://news.google.com/rss/articles/CBMiV0FVX3lxTE8zMUJxYlQ0dkl2a1V1WjIzYnk1YW4wSmxWdE1wY0hNek1YZWxhM0lyM0lrTFRnaEV5TnFyTnVwUjJ6SVFkbzlsMWRFUWVvLXp5N0F3dFlwVQ?oc=5,,未確認,東洋経済オンライン,2026-09-25
2026-09-28,栃木県内、延べ5公立学校がインフルエンザ休校 - 47NEWS,https://news.google.com/rss/articles/CBMiS0FVX3lxTE81QXV3dlczS190MkJmbmxHall3UlBTend6V1dmMEVUREZzeDVmdFZYdzRCTmNXd044eHJlT2p4b2NhZ1VQZzA3OHB5TQ?oc=5,,未確認,共同通信（47NEWS）,2026-09-24
2026-09-28,【大学受験2027】国公立大の面接形態を一覧化…駿台 - リセマム,https://news.google.com/rss/articles/CBMiXEFVX3lxTE9SbG5CN29KbGFBckJSMk1XSFJROVQ1YzhYblZvMG1Hd08xMm90eENtdWJCYVB0dV9wTUtCNXlQUlFGazkwMDgyRFZjSUlCUkdNS0huUGh3WmZmUjhB?oc=5,,未確認,リセマム,2026-09-24
2026-09-28,『人生を変えたコント』撮了 - 朝日新聞,https://news.google.com/rss/articles/CBMiXEFVX3lxTFBNaS0xZ0QyMFJsbU1XcjRWVDY4MTlVRTRVZURjNWI2ak5xNUxxNTlvVF9rb243M0FpOXNQdWxXRFNNYWVzYWZEaWxpMnhnSFMxc2pNMlB5QzdtNUdS?oc=5,,未確認,朝日新聞,2026-09-21
2026-09-28,教員採用、受験・選考・合格の「空洞化」も 辞退率の分析で見えた実態【氏岡真弓の教育の小径】 - 朝日新聞,https://news.google.com/rss/articles/CBMiZEFVX3lxTE85cDJrU01BQkRMdkdkdkh3d1lBTExtUGd2eEcxMS05YmxaU0FwR3pJZ3A2a3RWSVpON3JtbXVxa2dJOEpvZVRYUUhRR2FmWWNIeFhZc3ZHMzVkVlBFY0sxRGJIaFY?oc=5,,未確認,朝日新聞,2026-09-26
2026-09-28,【教員採用】富山県「UIJ秋選考」現職教員や民間経験者を募集 - リセマム,https://news.google.com/rss/articles/CBMiZkFVX3lxTE9rUDJEWVlJMjRfRXJONFBLcWx3SEpmVV85cGFOSy1GVHJmSHRSWndRdFFQWWlvVkdzaE9fcUFXZ1FkcHVBMFl3cXJqSF81Y2VmNG1UMnFLVjBqd2FxMEpXdGxuNkcwdw?oc=5,,未確認,リセマム,2026-09-24
2026-09-28,【講演紹介】わたしの「教える」をアップデート 木村泰子さん、妹尾昌俊さん、中島晴美さんが「未来の先生フォーラム」で対談 - 朝日新聞,https://news.google.com/rss/articles/CBMiZEFVX3lxTE5WVDAyaGpXR012eUpoSURZUmJld2lobGkya3NCeEs5cGdvOGpmempoTGtRV0VJcmFrZHE3el9wQWlYTHV5RTZtY3d4U2xTWlk3Xy0zZDJnUjM0ck56OE5EWHRwdnI?oc=5,,未確認,朝日新聞,2026-09-23
2026-09-28,【シルバーウィーク2026】連載まとめ読み「先生の事情とホンネ」人気トップ5 - リセマム,https://news.google.com/rss/articles/CBMiZkFVX3lxTE9JZ1RKcXhUS0NuUnhrZy0xaC1zOFptTHVWcWRhcGs2WWpmT18yalpoc01XMEE3LXpHX2UzVFdSWmVVX1FYUVpnOEI5bloweHZNSjI1c0xlSGotS0g3M3Y4MVRHczJSZw?oc=5,,未確認,リセマム,2026-09-22
2026-09-28,「英語が得意」は中学受験で武器になる？ 広がる英語入試の最新事情（上） - 朝日新聞,https://news.google.com/rss/articles/CBMiVkFVX3lxTFAtVkkyX3BES1FzaXdkUEhfcFNfNE4wSlFpMmpiWEZpMFlWanhKLThEbkNQNUlZRWxFM2IweHg3RmZJczhvMVZLa2lFNXc5S093amM3ek1n?oc=5,,未確認,朝日新聞,2026-09-24
2026-09-28,イチロー氏、中学生らと対談 神戸市 - 時事通信ニュース,https://news.google.com/rss/articles/CBMiVEFVX3lxTE9STjlnczY4UnFsNmhXOFNpZXVFT2R0bG1iWHE3MDNUMDNjOFBwZUxWNk9zbmlnYUluVHQ5cEw2clNoMUpEcGJxS0VVUVMxLTJvMVMyUA?oc=5,,未確認,時事通信,2026-09-25
2026-09-28,福岡の民間団体がフリースクール 自治体と両輪で外国人の子育て支援 - 日本経済新聞,https://news.google.com/rss/articles/CBMibEFVX3lxTE1WVVVnQUkwRVY4dHg4WFNTX0hlS3RhT1Q2VklrSHl6d21DUWg5MjJzeHZOMGRpMkwzTjNHaFZORERQTDM3Ui1jcjRyeVpOeGR5TUZZOXI1Vm9FTlNoTHQzUFIyVGtsR2s1Z2tsZA?oc=5,,未確認,日本経済新聞,2026-09-25
2026-09-28,水野美紀が語る子育て「優秀なママ友たちにびっくり！食事会の会計報告がエクセルで届きます」〈土曜プレミアム・映画「交渉人 真下正義」きょう〉 - AERA DIGITAL,https://news.google.com/rss/articles/CBMiXEFVX3lxTE8taldmN3ZMUFVJV2NvcGFiOUxzMm45NmlhblFRdnRjRHA1UXBjSm14a1kwOXBFTjAzY1lkTlN5bDF4bkhHM1dzRTNpMzVzSFpTT0VKVW5Tc3M1NFdj?oc=5,,未確認,朝日新聞,2026-09-26
2026-09-28,(2ページ目)7歳娘の母・森泉に聞く、約30匹の動物とのにぎやかな暮らし 「娘は一人っ子だけど、きょうだいがいっぱいいる感じ」 〈種から植えるTV「長野で森泉と学ぶ農業の秘密」きょう〉 | AERA with Kids＋ - AERA DIGITAL,https://news.google.com/rss/articles/CBMiZkFVX3lxTE0zbnpYLUg0eHVvU3hESXNCNGV3LWFiWF9EdThDaHQtWnlRdHFKdldwZ00wdHhZamdUY0ZEcXozaDBpTVNDWnhOQVhlVDNTaExzN0R4eEFnT2s5S0xtcnFFVlY5Ry00Zw?oc=5,,未確認,朝日新聞,2026-09-27
2026-09-28,学校や民間ビルで 広がる大型建築の木材利用 技術進歩で脱炭素にも - 朝日新聞,https://news.google.com/rss/articles/CBMiZ0FVX3lxTE5pNjhMNURTSUg2QjQtUWpaT3hJcmdURHNKbVNubmRIN1ltREJWOTFSa0FTc01qbnNxM1JRN2JTZDdPOFNKXzRpMkxVWWJPYWFzeVVDOXlMU1k1RkoyVENNaWdaOXFEZk0?oc=5,,未確認,朝日新聞,2026-09-22
2026-09-28,誰もが安心して自ら学べる環境づくり ～ＩＣＴとＵＤで拓く自律とつながりの姿～（鳥取県鳥取市立面影小学校） - mext.go.jp,https://news.google.com/rss/articles/CBMiX0FVX3lxTFBtUGU4VW1XS0UzQjhqamVsZERCcG1PZ19tYncwUDc2dl94MkQyOXhPUGQ0R0FjUy1Jc0ZxRlltb2dXVWFreVZHdG1ZcTdEdDh5Qk1mWDZGbTlHMGlsaGVJ?oc=5,,未確認,文部科学省,2026-09-23
2026-09-28,台風25号の影響で37校が休校 施設被害は500校超、土砂流入も - 朝日新聞,https://news.google.com/rss/articles/CBMiZ0FVX3lxTE55b1F1M21ycDl5MTlEM2hwckNrb19OUTE4dk5sMHVpYU5JYk9EdmV5aFhPMmJvSVZxSzcwNGRXZFBHUFpZU1NPREtlbHZ3dXpNV2VLR2wzS0FzWExVMWVWWTRiWEEtLWc?oc=5,,未確認,朝日新聞,2026-09-25
2026-09-28,【とっておきの私立中学校2027】富士見丘中学校…文科省WWL拠点校、慶應義塾大学院と連携しSDGs探究 - リセマム,https://news.google.com/rss/articles/CBMiXEFVX3lxTE53VHpiRkxEYVZjZzkya1NCdzZnRjZVTGVfZnlZY3FUaE92TmtWN0xSb0RYaHNOTU8xdnVkdXUtRks2TzVuaFBueDctSTgxZjctdGhBZzBndnFIMTFh?oc=5,,未確認,リセマム,2026-09-25
2026-09-28,ギフテッド教育、支援拠点を拡大 「才能の伸長」「困難の解消」目指す - 日本経済新聞,https://news.google.com/rss/articles/CBMibEFVX3lxTE14YmN6aXFnaks5NWVSR0tubTducExTSnlKbFJSRndCQlJuSlREb0hERzB5NnBMaWJNSzIybnBOT1hVOUg4MG84cDRPQmJjWUxnWG1EU0dXZ3Y2b0lNRHZNUVFqdDZUek9GdzJ3MQ?oc=5,,未確認,日本経済新聞,2026-09-24
2026-09-28,「役に立たないAI」続々、こども家庭庁から海外大手銀まで 過度な期待は捨てよ - 日経ビジネス電子版,https://news.google.com/rss/articles/CBMiZ0FVX3lxTE04RVJ6djNFQzd0UE9Ud2ExRnBmemFOZ1lNUzc4ZE5qTXB3elFiYW5HYVNnLTNXeTc4QTREamV0OFZWZi1IR0VYUTV3SmxaOHoyVGNscjdEZlJWWnZmMGxuY0hZM3d4ZVU?oc=5,,未確認,日本経済新聞,2026-09-25
2026-10-05,娘が不登校に、名付けた「ユニパスさん」 支援続ける小児科医が著書 [香川県] - 朝日新聞,https://news.google.com/rss/articles/CBMiZ0FVX3lxTE5sQXFBSkljb2RaM214VXpUZGFmYTNlaC1KQU1FVWFhQ0l0X1JlZmYwYVgtYXZuYnZ6cV9BWXNoU2kzOU9aWkpTRGZmdU9pbzhVcmNGeFR5YVRGRnhJUWZTaVJfdUlZYVk?oc=5,,未確認,朝日新聞,2026-10-02
2026-10-05,発達障害の不登校率13.26％、全児童生徒の約3.6倍…文科省調査 - reseed.resemom.jp,https://news.google.com/rss/articles/CBMihgFBVV95cUxPRlJSOVNjZ0xqdUZjQlQzNDJoTWFrQnM3Zjh2VlBOVEVSQXJjYUJsUWhiZWdrd1Boekx2cWJ0QjVBTlhSOHZkaHZjT1ZDYVdnS25QMlNDYnFNbllJM2R5LTVXZXRlXy1MbUpBc2FSUFFzbjZZeVlVckJSOFdfQUlfaHAyNndTUQ?oc=5,,未確認,リセマム,2026-09-28
2026-10-05,増える不登校の子供が学ぶ「多様化学校」開校半年 見えてきた課題と成果の普通校への還元 - 産経ニュース,https://news.google.com/rss/articles/CBMidkFVX3lxTE9oNVhFdHYwZ0gtaWRma3JvRWdhSm5QZExMczk0TnVha3dzd1RKTEZ5YjBrWHJzbDJSYlJlT3d4SmtKM01RQlAwSEtOWmg2dWIzRWFpWWM2bjFaTERXcG14NHJjYWVad0MydWVMWXVYZTUzRjUzWXc?oc=5,,未確認,産経新聞,2026-10-01
2026-10-05,【参加無料】本気で考える不登校－教職員が今、気づいてやるべきことはコレだ！ - 朝日新聞,https://news.google.com/rss/articles/CBMiZEFVX3lxTE1jWnJja2dUT19mdV9zVzFvVGJ3SDlIWFA5aDBIZENrRVZ5Q2NDeExpbk4tdTMtWUV6YXJJM1hOMHhOSDRGVi1KWjl3ZzJDWlhtMFVrajVWMTkxcFNCOTN2QzdlRXM?oc=5,,未確認,朝日新聞,2026-09-29
2026-10-05,発達障害児支援、子どもだけを変えないで 学校の仕組み、見直し訴え - 教育新聞,https://news.google.com/rss/articles/CBMiVkFVX3lxTE1DdzJDRTc2bC01R0RNVU5SM3pnT3BobzhWLXUtM3dSOXhLSkFEbndmQzR5Y3lxSzJ2SXlkdnpEZ1lKaUJHTERLMTR4cFdLYXVkMDVoZ1V3?oc=5,,未確認,教育新聞,2026-10-02
2026-10-05,アンコンシャス・バイアスとの向き合い方（下）～子どもの可能性を狭める「どうせ無理」を脱するには？ - 朝日新聞,https://news.google.com/rss/articles/CBMiVkFVX3lxTE83cTB3dnJuYXlEbDBsN0ZZVmc3Vm5tYVJBNFY3enU0Mng5U1l6ZUhZdVhCWlBpM1NncTNmRmdYTU5Fa2dQdUZ0UUJ5eG1aYzFKSFctVTV3?oc=5,,未確認,朝日新聞,2026-09-28
2026-10-05,「あの子だけずるい」がない学校 特別支援を教員が本音で語る - 教育新聞,https://news.google.com/rss/articles/CBMiVkFVX3lxTE1kQmIzM1JCQmVRc3FMajA3YUdnLUhST1Z1eU9xeWxZZ3p4aGFvck50UHpRd3E4Yl9PLTZiTWJlbEtqbXVVZlVPYzNFMkdRQUdsUHRYdTZn?oc=5,,未確認,教育新聞,2026-09-28
2026-10-05,知的障がいのある子が「18歳で学校教育を終えて社会に出るのは酷」 東京学芸大学・奥住秀之教授が語る「青年期の学び」の意義 - AERA DIGITAL,https://news.google.com/rss/articles/CBMiWkFVX3lxTE9Ta1A4WUFfU0VpZzRHaFJ4YzIwMDhPS2k4TVdSSWwzYjl5WmxPRXZZUXlYbWVjemVMN0NoaV9qSW84LTJLTk1RcTVCTjVuUlV1RzJSdDUtZWFxdw?oc=5,,未確認,朝日新聞,2026-09-30
2026-10-05,東京都立特別支援学校「病弱教育支援員」募集…11/24締切 - reseed.resemom.jp,https://news.google.com/rss/articles/CBMiZkFVX3lxTE1QZms3eTM1czhOUElLdkVOZ3gtV0xES0NnU3EzMnMteWh2Z0c3YktZRmJQNkRHYXBTR3dYME9rV3hWVzNCa2tvTnYwQjQ4SHFVRTlibjZYSFVrUUFGVjA4bnd2WVNTUQ?oc=5,,未確認,リセマム,2026-10-01
2026-10-05,東京都立特別支援学校「病弱教育支援員」募集…11/24締切 1枚目の写真・画像 - reseed.resemom.jp,https://news.google.com/rss/articles/CBMic0FVX3lxTFBzdno4dHBKWWdrX3lVVXhLWXhGNi11RDZmWEpuN3ZpamhyZDR4SDBwM0M2NkNuTzd3QmRBNW9TdGk0SXp6U0sya0hWdGp1cThuS1pXcXRCUlczMWxTYWJucl9fZXh0dFhzOXNZQjh1VklHeEk?oc=5,,未確認,リセマム,2026-10-01
2026-10-05,〈先月読まれた記事〉元人気子役・細山貴嶺さんが語る“転校3回”の子ども時代 テレビでは人気者、学校ではいじめの標的だった - AERA DIGITAL,https://news.google.com/rss/articles/CBMiZkFVX3lxTE1KOHpQcWVNb1V5OE5FMmlQLXV3eG5XMGREdXVJTGR0Qmk4QUV5WjlqMnVENVYxRkxNZ3J6dnlmR1NhbEpvblY2bnRPY29yamRhUXVyVUY2d1pzaEoxX0pBRDg1SGhWUQ?oc=5,,未確認,朝日新聞,2026-10-03
2026-10-05,高崎市の小学校早朝開門、県教育長が「遺憾」 教員らの出勤対応巡り [群馬県] - 朝日新聞,https://news.google.com/rss/articles/CBMiZ0FVX3lxTE9QMlVYMDBIVTZ3X2pMcDgwTkFadVZqT0cwSDRTZHhBLXQzSFJ2SUwyeEZxYjQydlpmRm5ENkV4N2taX2JsVzFjUTczb1hGSFhvRlhXVlpZWXJWOFBmckJacUNSWmxmVEk?oc=5,,未確認,朝日新聞,2026-09-30
2026-10-05,【教員採用】新潟県、473人合格…大3選考は36人合格 - reseed.resemom.jp,https://news.google.com/rss/articles/CBMiZkFVX3lxTE1IUEJBM0pSQkZUcDU5VG5wY09nTFNLS2o3UUZvd2ZlQ2FPNWpPMFc4T0dsUFRjRWZwckFPNmpvQWR5WElaeVNla09wckJ5WDl3WElUczlMeVJZV1BpYjdnXzNZOGhaQQ?oc=5,,未確認,リセマム,2026-09-30
2026-10-05,【教員採用】新潟県「秋選考」小中高の教諭など追加募集 - reseed.resemom.jp,https://news.google.com/rss/articles/CBMiZkFVX3lxTE9RUGJPX0ZIMjFIdUtKLURLZVY1a2EyV1ZUT0UydmcwWHN2Z1pYb19jb0FkRDJLZkpFeUl3UExkUzlvek95OExOZWl1dGFOVWhTXzA4SkJ2T0RESVdET0I3VVBjSUNzUQ?oc=5,,未確認,リセマム,2026-10-01
2026-10-05,【教員採用】宮城県、大学推薦による大3生特別選考12/12 - reseed.resemom.jp,https://news.google.com/rss/articles/CBMiZkFVX3lxTFBnRWRPdjRTRUxEeE53T2ZDa1YtbjZjUVE0eUU1V0U0WlI2MUEzMENadktyQ3JFSTRfbXdXNE9JZlg1VG1MY2VEbERSSnFmVzVwYWMzQmxIT0JYX0dDN0YwT25rc2ZxUQ?oc=5,,未確認,リセマム,2026-09-29
2026-10-05,困難な保護者対応から教員守る 大阪市教委が弁護士ら専門職チーム - 教育新聞,https://news.google.com/rss/articles/CBMiVkFVX3lxTE1sLTdJb3pNOUdPbnIzVXhkd2tkM2Z4dzFzRmkxTzB0eVNYQ0Rna0t4Nzl3VWFpZWVoZG5MdmRHX0lxVU1SeWxBZUZqa0tfT1owSHFkRlFn?oc=5,,未確認,教育新聞,2026-09-29
2026-10-05,「自分に合った中学受験がみつかる！」特別オンライン講座（10月17日（土）15時～） - 朝日新聞,https://news.google.com/rss/articles/CBMiWkFVX3lxTE1KSHFxcXI0SlNDTjgySXAwRUEzY1gwXzdsVEZXaUVCeDR4OGdCYmJzX1Q3UFNsYzFJRUlCVWVzSDR5Q01zdjJqbms3MjBNdEs2WWQ5T1NtWGlLdw?oc=5,,未確認,朝日新聞,2026-09-28
2026-10-05,あしなが「中学校進学支援金」新設、5万円を400人に給付…小6対象 - リセマム,https://news.google.com/rss/articles/CBMiXEFVX3lxTE94MzhhY1puYmh3Mm5McERNeGZnamV3WThNc1E5LWVnZGRYelNnVWFwSXMxbG5rYURWX3VzRmFBM25qVFVaOVlHQ1c1LVZqMGhSMzI5bE01cmI4Snhh?oc=5,,未確認,リセマム,2026-09-30
2026-10-05,渋谷教育学園渋谷中、第１回 学校説明会（小学校４年生以上 受験生・保護者対象）【追加】申し込みについて - 朝日新聞,https://news.google.com/rss/articles/CBMiWkFVX3lxTE1RQjdsUHpyNUNrVlZtMVlZQzJzaXFKYVFqczZVXzJnekUzWlhaUS1xSDR1bl9tOHNzdjBEMXV0ZGVoX2dXWEs4VF9NWUxlU09uY1RvaFFDS2kwUQ?oc=5,,未確認,朝日新聞,2026-10-01
2026-10-05,教育・子育て施設を集約「こどもでぱーと」 都心の共働き家庭に支持 [東京都] - 朝日新聞,https://news.google.com/rss/articles/CBMiZ0FVX3lxTE5XbVBIb3lKTVA4bE9Ea1ZIc21nc050dWd5VDB6cWFzTWtIdXMwVzBONkc2NmRNdlFRdlZrUE1RLWxtUXZNVTByM01MVldvdEtha19kemo5dVc2Z3BkUUNNNWVBaUVENTQ?oc=5,,未確認,朝日新聞,2026-10-03
2026-10-05,(2ページ目)水野美紀が語る子育て「優秀なママ友たちにびっくり！食事会の会計報告がエクセルで届きます」〈ミキティダイニング「水野美紀流絶品餃子」きょう〉 | AERA with Kids＋ - AERA DIGITAL,https://news.google.com/rss/articles/CBMiZkFVX3lxTE0waUhURm9tVGNmSEFkZUNKaGctQUJqTjA3Q1NRTlc2QnFTb3NlcFRraWJZY0pqbXFoSzBlTnFJU0lNbHZsWDE3dmR5RjJTRlhnMTFqeGhwZ0h4OUVTZTdGSXJvbEVKdw?oc=5,,未確認,朝日新聞,2026-10-03
2026-10-05,私立難関小の合格者は受験しない？ チャンスあふれる国立小の受験「なんとなく良さそう」だけで決めると入学後がしんどい - 朝日新聞,https://news.google.com/rss/articles/CBMiVkFVX3lxTE95dEFWV1pUTHc3NjhXT2RBdjl4VGJMUWZ1OFdwbWVKTWxndzR3Vnhjd2djcDN6WnZPeEU1bEwtR0Mzc0dtTUt1eS1yVWxLcEEyem9SUlpn?oc=5,,未確認,朝日新聞,2026-10-02
2026-10-05,川田裕美が語る子育て「仕事量のセーブを決断するまで、1年かかりました」〈秘密のケンミンSHOW極「怒涛の大阪2時間SP」きょう〉 - AERA DIGITAL,https://news.google.com/rss/articles/CBMiZkFVX3lxTE11d1NmaE1UTDU2a1FnVXh3RnZ1dmE4STFwT1UtN25SUVFrWG1uUlBsaVg1cS1GanZEMVh3UHAxelJYQkxLNGZ3bk9qZEVuQUhvX0ZDdzRxT3hvRno1RmNTMVlMYlZ4UQ?oc=5,,未確認,朝日新聞,2026-10-01
2026-10-05,共同学校事務室取組事例集 - mext.go.jp,https://news.google.com/rss/articles/CBMiYEFVX3lxTE1Vcl95VndOcm1SMnhFa3hZN0E5MW1lXy1Ha3BZVTJnTlBIRmNuc2NSTldSZWhmOUhxdFlGak1uZkJQcHhzcmtKVmJpZEo5QS1xYnVTU1FYNlRmeVd3MmRuMw?oc=5,,未確認,文部科学省,2026-09-30
2026-10-05,国の貸与奨学金、教員の返還免除を検討 文科省、なり手不足で - 朝日新聞,https://news.google.com/rss/articles/CBMiZEFVX3lxTE5zall3bG9fckdlWXJqazVfRVdaU1BiNkYzZzFrbEU1djhaQmdQcVZ0OVZHVldBbjFUa2NBSEs0SjdId3RBdjVQWUdnNGJ0UFVIYTRrNklvU2tFTTF2a1Z3ZFZLX0g?oc=5,,未確認,朝日新聞,2026-09-28
